USE DB_Books

INSERT INTO Authors
(Code_author, Name_authors, Birthday)
VALUES
('1','Джоан Роулинг','1965-07-30'),
('2','Оскар Уайльд','1854-10-16'),
('3','Кетиль Бьернстад','1852-08-25')

INSERT INTO Publishing_house
(Code_publish, Publish, City)
VALUES
('1','А-БА-БА-ГА-ЛА-МА-ГА','Киев'),
('2','Азбука','Санкт-Петербург'),
('3','КомпасГид','Москва')

INSERT INTO Books
(Code_book, Title_book, Code_author, Pages, Code_publish )
VALUES
('1', 'ГАРРІ ПОТТЕР І ФІЛОСОФСЬКИЙ КАМІНЬ', '1', '320', '1'),
('2', 'ГАРРІ ПОТТЕР І ТАЄМНА КІМНАТА', '1', '352', '1'),
('3', 'ГАРРІ ПОТТЕР І В’ЯЗЕНЬ АЗКАБАНУ', '1', '384', '1'),
('4', 'ГАРРІ ПОТТЕР І КЕЛИХ ВОГНЮ', '1', '672', '1'),
('5', 'ГАРРІ ПОТТЕР І ОРДЕН ФЕНІКСА', '1', '816', '1'),
('6', 'ГАРРІ ПОТТЕР І НАПІВКРОВНИЙ ПРИНЦ', '1', '576', '1'),
('7', 'ГАРРІ ПОТТЕР І СМЕРТЕЛЬНІ РЕЛІКВІЇ', '1', '640', '1'),
('8', 'ГАРРІ ПОТТЕР І  ПРОКЛЯТЕ ДИТЯ', '1', '352', '1'),
('9', 'Портрет Дориана Грея', '2', '320', '2'),
('10', 'Пианисты', '3', '352', '3'),
('11', 'Река', '3', '400', '3'),
('12', 'Дама из Долины', '3', '320', '3')

INSERT INTO Deliveries
(Code_delivery, Name_delivery, Name_company, Address, Phone, INN)
VALUES
('1', 'Glovo', 'Glovo incorporate', 'Kiev', '848554848', '5454545454'),
('2', 'Yandex', 'Yandex group', 'Moaskow', '4865247', '545454454'),
('3', 'New Post', 'OOO "New Post"', 'Kiev', '848554848', '545475454')


INSERT INTO Purchases
(Code_book, Date_order, Code_delivery, Type_purchase, Cost, Amount, Code_purchase)
VALUES
('1', '2018-10-13', '3', '1', '135', '1', '23045'),
('3', '2019-10-21', '1', '0', '202', '2', '45078')